First name,Last name,from,to
Henrietta,Aalto,Simpele,Kouvola
Irja,Lehtonen,Kitee,Ylivieska
Viljam,Savela,Parikkala,Mikkeli
Aaro,Kujala,Kemijärvi,Kitee
Anna-Kaisa,Koskinen,Vammala,Riihimäki
Mirjam,Elo,Paimenportti,Parkano
Helvi,Kinnunen,Lapinlahti,Humppila
Roosa,Hatala,Myllykoski,Pasila
Miikka,Karvonen,Inkeroinen,Helsinki Central
Salme,Heino,Mäntsälä,Isokyrö
Inka,Erkkila,Tikkurila,Suonenjoki
Irja,Ketola,Pasila,Siilinjärvi
Ronja,Juntunen,Tampere,Pieksämäki
Jere,Juntunen,Muurola,Parkano
Birgitta,Huhtala,Lusto,Lapua
Outi,Niva,Vihanti,Mikkeli
Jasper,Keto,Tervola,Oulainen
Anna-Mari,Kokko,Pasila,Helsinki Central
Kia,Halla,Iisalmi,Tikkurila
Emilia,Pulkkinen,Vaasa,Mikkeli
Kaapo,Wirkkala,Helsinki Central,Hämeenlinna
Mauno,Latvala,Haukivuori,Tikkurila
Esa,Tikkanen,Kuopio,Kuopio
Aatu,Lampi,Retretti,Kuopio
Helmiina,Lassila,Tikkurila,Iisalmi
Edit,Walli,Toijala,Mikkeli
Aarni,Laine,Helsinki Central,Imatra
Juha-Pekka,Kurtti,Imatra,Tampere
Paulina,Kantola,Hankasalmi,Riihimäki
Arttu,Lehtola,Lahti,Lievestuore
Akseli,Neva,Seinäjoki,Imatra
Aatto,Annala,Iisalmi,Simpele
Vilma,Koistinen,Hämeenlinna,Kannus
Bruno,Wuollet,Rovaniemi,Pasila
Henrik,Seppanen,Helsinki Central,Tampere
Mariitta,Aalto,Kokemäki,Kotka Central
Ester,Kivisto,Pasila,Helsinki Central
Marianna,Halla,Iisalmi,Kouvola
Teemu,Laakso,Tikkurila,Tervajoki
Fredrika,Juntunen,Riihimäki,Vammala
Alisa,Raisanen,Seinäjoki,Kokemäki
Kristian,Kuusisto,Pieksämäki,Mikkeli
Anna,Leppo,Hämeenlinna,Mäntyharju
Charlotta,Lehtonen,Tavastila,Savonlinna
Moona,Huhta,Kerimäki,Parikkala
Anelma,Karvonen,Pasila,Vammala
Anni,Lahti,Kouvola,Iisalmi
Auli,Juntunen,Muurola,Toijala
Heikki,Perala,Parkano,Pasila
Veli-Pekka,Nevala,Iisalmi,Lappeenranta
Aila,Salo,Imatra,Helsinki Central
Sisko,Pollari,Retretti,Lapinlahti
Petteri,Ahonen,Hämeenlinna,Iisalmi
Elmeri,Leinonen,Riihimäki,Turku Harbour
Anne-Mari,Lampi,Kokkola,Kokemäki
Terttu,Manninen,Seinäjoki,Kitee
Veli-Pekka,Kantola,Orivesi,Joensuu
Iines,Sakala,Mikkeli,Turku Central
Aulikki,Hautala,Tervajoki,Kerimäki
Neea,Keto,Inkeroinen,Kauhava
Julius,Tuomi,Paimenportti,Toijala
Minea,Lahti,Pasila,Helsinki Central
Hjalmar,Arola,Kauhava,Rovaniemi
Hulda,Leinonen,Kerimäki,Kouvola
Else,Pesola,Mäntyharju,Helsinki Central
Edvin,Rajala,Jyväskylä,Muurola
Laimi,Kuusisto,Haukivuori,Helsinki Central
Alex,Rinne,Myllykoski,Pieksämäki
Uljas,Salmela,Tikkurila,Lusto
Helka,Tolonen,Kesälahti,Toijala
Anna-Leena,Linna,Jämsä,Bennäs
Titta,Kyllo,Pasila,Tikkurila
Kusti,Kauppi,Lapinlahti,Haukivuori
Lumi,Halonen,Tampere,Parikkala
Hannele,Pulli,Pasila,Port of Kotka
Eija,Eskola,Mikkeli,Mikkeli
Marketta,Lehtonen,Kesälahti,Muurola
Hannu,Manni,Parkano,Nokia
Lemmikki,Saarela,Toijala,Joensuu
Jarmo,Linna,Imatra,Myllykoski
Simo,Maunu,Tikkurila,Pasila
Janette,Arola,Tervajoki,Retretti
Antti,Jokinen,Pasila,Turku Central
Lea,Seppala,Pieksämäki,Pori
Vilhelm,Kemppainen,Oulainen,Paimenportti
Markus,Jokela,Kyminlinna,Kuopio
Aura,Kurtti,Mäntyharju,Muurola
Armas,Pelto,Parikkala,Kannus
Katarina,Pietila,Lusto,Mikkeli
Anne-Maria,Tuomi,Helsinki Central,Parkano
Emil,Puro,Vaasa,Isokyrö
Joonas,Hanninen,Kuopio,Haukivuori
Lenni,Jarvi,Kajaani,Kouvola
Maija-Liisa,Aro,Hämeenlinna,Tervajoki
Jenny,Kemppainen,Nokia,Riihimäki
Julia,Autio,Toijala,Kitee
Jenny,Palo,Toijala,Orivesi
Maija-Leena,Lahti,Savonlinna Central,Tikkurila
Juuso,Hannula,Kemi,Joutseno
Ilta,Linna,Parikkala,Hämeenlinna
Helena,Waara,Tampere,Turku Central
Jutta,Kauppila,Kokkola,Rovaniemi
Aija,Heikkinen,Helsinki Central,Humppila
Carita,Lakso,Lusto,Seinäjoki
Lempi,Korpela,Tampere,Pieksämäki
Leena,Sakala,Riihimäki,Siilinjärvi
Ida,Ramo,Pieksämäki,Iisalmi
Karita,Savela,Tampere,Vaasa
Eliina,Nikula,Pasila,Mikkeli
Miika,Elo,Pasila,Siilinjärvi
Hanne,Wiita,Myllykoski,Suonenjoki
Elias,Manninen,Helsinki Central,Lapinlahti
Leea,Lehtola,Tikkurila,Kajaani
Krister,Salmi,Kannus,Toijala
Noora,Niskanen,Savonlinna Central,Mäntyharju
Lasse,Hokkanen,Kokkola,Joutseno
Saga,Pollari,Kauhava,Riihimäki
Frans,Niska,Kitee,Kemijärvi
Virpi,Niska,Kouvola,Tampere
Anu,Haapala,Pasila,Pasila
Edvard,Saarinen,Tampere,Kymi
Minna,Autio,Kauhava,Siilinjärvi
Raija,Kotila,Orivesi,Hankasalmi
Teodor,Perko,Lusto,Tervajoki
Marjo-Riitta,Kantola,Lapinlahti,Kouvola
Reima,Hietala,Hämeenlinna,Jyväskylä
Elvi,Peura,Parkano,Haukivuori
Väinämö,Ahonen,Pori,Vihanti
Pia,Koskinen,Tervajoki,Kannus
Fredrik,Lauri,Seinäjoki,Paimenportti
Eevert,Lakso,Pieksämäki,Mäntyharju
Fanny,Pulli,Siilinjärvi,Helsinki Central
Uolevi,Tolonen,Riihimäki,Ylivieska
Tapani,Kotila,Simpele,Iisalmi
Elmeri,Makinen,Hämeenlinna,Kouvola
Lenni,Lauri,Oulainen,Turku Central
Aarno,Koskinen,Oulu,Parikkala
Tuomas,Leppanen,Kesälahti,Lapinlahti
Pilvi,Neva,Kajaani,Rovaniemi
Viljam,Koivisto,Parikkala,Iisalmi
Jere,Sippola,Iisalmi,Sukeva
Eelis,Perala,Paimenportti,Punkaharju
Aatto,Marttila,Lievestuore,Kymi
Amanda,Lahti,Lievestuore,Tavastila
Jalo,Rantanen,Nokia,Kitee
Tytti,Lammi,Lappeenranta,Seinäjoki
Aleksander,Kokko,Sukeva,Tampere
Maarit,Niva,Helsinki Central,Tervola
Helvi,Salminen,Hämeenlinna,Tervola
Ulla-Maija,Makela,Tikkurila,Kesälahti
Jan,Wiitala,Mäntyharju,Suonenjoki
Alli,Hautala,Isokyrö,Punkaharju
Anselmi,Hiltunen,Tikkurila,Riihimäki
Hertta,Tolonen,Oulainen,Turku Harbour
Hellin,Leppo,Lievestuore,Tampere
Daniel,Kangas,Kauhava,Haukivuori
Kari,Pelto,Imatra,Paimenportti
Laura,Aho,Lapinlahti,Imatra
Raimo,Keranen,Riihimäki,Hämeenlinna
Päiviö,Rantanen,Kerimäki,Oulu
Impi,Kantola,Joutseno,Tervajoki
Nella,Tuominen,Tikkurila,Orivesi
Siviä,Luoma,Helsinki Central,Tampere
Aleksanteri,Hanka,Kuopio,Oulainen
Juhani,Tuomi,Turku Harbour,Turku Harbour
Soini,Lampo,Pieksämäki,Ylivieska
Ingrid,Pagination,Lusto,Ylivieska
Konstantin,Lepisto,Siilinjärvi,Retretti
Eero,Wirtanen,Kajaani,Tervajoki
Atte,Kujala,Savonlinna Central,Sukeva
Veli,Savela,Ylistaro,Lusto
Aila,Kauppila,Mikkeli,Kotka Central
Ismo,Jarvinen,Tikkurila,Helsinki Central
Irmeli,Jokinen,Lahti,Hämeenlinna
Ensio,Wuollet,Seinäjoki,Ylistaro
Helena,Savela,Mäntsälä,Turku Harbour
Maija-Liisa,Aro,Kokemäki,Rovaniemi
Verneri,Aalto,Kuopio,Pieksämäki
Alex,Lehto,Mäntyharju,Tikkurila
Henrik,Eskola,Sukeva,Riihimäki
Sonja,Laurila,Toijala,Turku Central
Tomi,Kalas,Port of Kotka,Muurola
Jani,Tuominen,Lievestuore,Lievestuore
Kirsi,Remes,Oulainen,Kitee
Mia,Wiita,Kouvola,Isokyrö
Paula,Aalto,Iisalmi,Kuopio
Charlotta,Korpi,Lapua,Mäntyharju
Mikael,Hamalainen,Kokemäki,Paimenportti
Kaarlo,Ylitalo,Kouvola,Pieksämäki
Tuukka,Justi,Rovaniemi,Tampere
Henry,Kivi,Pasila,Kuopio
Tia,Tolonen,Parkano,Haukivuori
Edvard,Halko,Pasila,Paimenportti
Eevertti,Wirtanen,Nokia,Helsinki Central
Kaarle,Wirkkala,Kokkola,Tampere
Tauno,Hautala,Kesälahti,Kouvola
Krista,Harju,Nokia,Muurola
Helga,Rantala,Hämeenlinna,Tampere
Viivi,Autio,Savonlinna,Hämeenlinna
Ismo,Makela,Helsinki Central,Iisalmi
Urpo,Nevala,Kyminlinna,Kouvola
Margareeta,Manner,Harjavalta,Isokyrö
Lahja,Maijala,Lahti,Vihanti
Kaija,Huhta,Iisalmi,Kokemäki
Harald,Tolonen,Kouvola,Hämeenlinna
Lempi,Koivisto,Hämeenlinna,Helsinki Central
Bruno,Rinne,Laihia,Pasila
Lauri,Harju,Tikkurila,Kyminlinna
Ulla-Maija,Ramo,Toijala,Kouvola
Laura,Kilpela,Kyminlinna,Tikkurila
Hannu,Lampinen,Ylistaro,Lahti
Aslak,Lehtola,Joensuu,Retretti
Mariitta,Aalto,Vaasa,Helsinki Central
Armi,Kotila,Iisalmi,Ruukki
Lydia,Ketola,Siilinjärvi,Imatra
Helli,Palo,Parikkala,Pasila
Sointu,Leino,Isokyrö,Paimenportti
Pertti,Eskola,Lapua,Tikkurila
Sofia,Seppala,Mikkeli,Rovaniemi
Aarni,Mikkola,Pasila,Kokemäki
Marie,Rinne,Parikkala,Lahti
Soini,Nurmi,Nokia,Kotka Central
Uljas,Laakso,Kuopio,Tikkurila
Eero,Tuomi,Tikkurila,Oulu
Alma,Wallo,Kymi,Tervola
Aki,Koskinen,Tervajoki,Jämsä
Aini,Wirkkala,Haukivuori,Laihia
Kaapo,Kilpela,Lapinlahti,Isokyrö
Kiia,Tikkanen,Lahti,Jyväskylä
Salli,Moilanen,Paimenportti,Tervajoki
Veli-Pekka,Salonen,Pieksämäki,Lapinlahti
Kaarin,Linna,Orivesi,Kuopio
Raili,Walli,Turku Harbour,Helsinki Central
Harri,Kinnunen,Parikkala,Kouvola
Camilla,Tuominen,Vihanti,Toijala
Lassi,Hannula,Tikkurila,Kemi
Taavi,Lammi,Riihimäki,Laihia
Paavali,Hietala,Ruukki,Kesälahti
Karri,Koivisto,Tavastila,Kuopio
Leonard,Erkkila,Tikkurila,Tikkurila
Heljä,Walli,Bennäs,Helsinki Central
Villiam,Niemi,Toijala,Humppila
Aku,Ketola,Oulainen,Tervajoki
Satu,Juntunen,Mikkeli,Pasila
Raija,Saarela,Toijala,Pieksämäki
Mirjam,Harju,Kuopio,Nokia
Katarina,Wiita,Muurola,Iisalmi
Mikaela,Kyllonen,Tikkurila,Punkaharju
Elin,Kujala,Kannus,Pasila
Aulikki,Couri,Kyminlinna,Lahti
Henry,Perko,Lapinlahti,Toijala
Karri,Harju,Mäntsälä,Parkano
Taimi,Niva,Savonlinna,Loimaa
Elsa,Salminen,Imatra,Mäntyharju
Agnes,Walli,Humppila,Pasila
Ursula,Mikkola,Kyminlinna,Tikkurila
Anelma,Nevala,Tervajoki,Kauhava
Irmeli,Manninen,Pasila,Pasila
Joona,Lampinen,Helsinki Central,Parikkala
Sanelma,Tervo,Humppila,Punkaharju
Arvo,Leppanen,Parikkala,Parikkala
Riina,Wallo,Lusto,Pieksämäki
Birgit,Jarvi,Siilinjärvi,Pieksämäki
Arvid,Karjala,Myllykoski,Mäntsälä
Anneli,Wuori,Pieksämäki,Hämeenlinna
Leander,Puro,Tampere,Jyväskylä
Aili,Lahti,Tikkurila,Kokkola
Jesse,Koskinen,Lievestuore,Jämsä
Väinämö,Maki,Pasila,Pasila
Valto,Rintala,Simpele,Joutseno
Marjukka,Luoma,Toijala,Helsinki Central
Otto,Waara,Tikkurila,Kotka Central
Linnea,Kyllo,Kouvola,Tervola
Jouko,Savela,Kokemäki,Mikkeli
Kerttu,Jokela,Ruukki,Myllykoski
Aurora,Seppala,Haukivuori,Toijala
Niklas,Tuomala,Sukeva,Lahti
Aarne,Kotila,Pasila,Lapinlahti
Raisa,Tuominen,Pasila,Mäntyharju
Leevi,Rautio,Joutseno,Kokemäki
Else,Lampi,Ylivieska,Orivesi
Karri,Hiltunen,Ylistaro,Kannus
Regina,Rajala,Vaasa,Lievestuore
Valdemar,Niemi,Tikkurila,Kitee
Kaija,Lehto,Helsinki Central,Helsinki Central
Evert,Kari,Parikkala,Paimenportti
Anna-Liisa,Wirta,Hämeenlinna,Parikkala
Karoliina,Tolonen,Helsinki Central,Iisalmi
Netta,Tolonen,Turku Central,Oulainen
Uuno,Takala,Lapinlahti,Pieksämäki
Stiina,Niska,Simpele,Pasila
Rafael,Jutila,Helsinki Central,Helsinki Central
Tuukka,Karvonen,Kouvola,Kouvola
Fredrik,Paavola,Kouvola,Lahti
Artturi,Leppanen,Humppila,Turku Central
Else,Mikkola,Kuopio,Tervajoki
Jorma,Niva,Tikkurila,Riihimäki
Meri,Nevala,Tikkurila,Inkeroinen
Jasper,Rantala,Ruukki,Mikkeli
Edith,Kemppainen,Pasila,Riihimäki
Maire,Raisanen,Siilinjärvi,Vaasa
Panu,Heikkinen,Siilinjärvi,Kesälahti
Jukka,Pulli,Turku Central,Loimaa
Saija,Korpela,Turku Harbour,Lahti
Eeli,Jokinen,Mäntyharju,Kyminlinna
Urho,Hannula,Haukivuori,Helsinki Central
Reetta,Hanninen,Suonenjoki,Tervajoki
Rauni,Sippola,Pasila,Turku Central
Aleksi,Makinen,Pasila,Mikkeli
Karita,Hiltunen,Helsinki Central,Lapua
Markku,Korhonen,Siilinjärvi,Seinäjoki
Kusti,Remes,Seinäjoki,Kouvola
Kauno,Jarvela,Vihanti,Helsinki Central
Eveliina,Kotila,Haukivuori,Parkano
Valtteri,Maunu,Isokyrö,Iisalmi
Riitta-Liisa,Kauppi,Savonlinna Central,Tikkurila
Topias,Pietila,Pasila,Myllykoski
Sanna,Rautio,Retretti,Savonlinna Central
Max,Lammi,Hankasalmi,Mäntsälä
Tytti,Pesola,Hämeenlinna,Ylistaro
Maija,Kumpula,Lievestuore,Joensuu
Aarre,Niska,Tampere,Turku Harbour
Mimosa,Justi,Kouvola,Tervajoki
Hilja,Halonen,Pasila,Kouvola
Eevertti,Keto,Tikkurila,Kajaani
Ellen,Couri,Kymi,Parkano
Gunilla,Waisanen,Toijala,Ylivieska
Oili,Makela,Savonlinna,Tikkurila
Risto,Laitinen,Kymi,Savonlinna
Toni,Hamalainen,Vihanti,Tikkurila
Kreeta,Rinne,Tikkurila,Kymi
Esteri,Aro,Kajaani,Jyväskylä
Signe,Ylitalo,Jyväskylä,Pasila
Vilhelm,Perko,Turku Central,Kouvola
Aira,Erkkila,Toijala,Iisalmi
Terho,Kujala,Vammala,Kitee
Samuli,Jutila,Pasila,Kouvola
Rosa,Saari,Tampere,Parikkala
Niilo,Nurmi,Helsinki Central,Jämsä
Petter,Saari,Parikkala,Kouvola
Amalia,Heinonen,Tavastila,Bennäs
Matilda,Kotila,Tikkurila,Helsinki Central
Lennart,Toivonen,Inkeroinen,Lahti
Elvira,Autio,Pieksämäki,Pasila
Piia,Pulli,Jämsä,Kokemäki
Robert,Saarinen,Pieksämäki,Oulainen
Jari,Halko,Savonlinna,Seinäjoki
Rauno,Salmela,Lapinlahti,Kouvola
Heljä,Jokinen,Paimenportti,Humppila
Heli,Kyllo,Kitee,Kymi
Veli,Kauppi,Kouvola,Toijala
Birger,Harju,Jyväskylä,Savonlinna Central
Elisa,Maijala,Mäntsälä,Lusto
Vili,Kauppi,Hämeenlinna,Ruukki
Sulo,Karjala,Tampere,Mäntsälä
Harald,Manninen,Tikkurila,Hämeenlinna
Katri,Mikkola,Toijala,Bennäs
Anu,Jarvinen,Pasila,Kouvola
Saku,Justi,Retretti,Pieksämäki
Maija,Haapala,Tampere,Lusto
Hulda,Kivi,Helsinki Central,Iisalmi
Sigrid,Rajala,Punkaharju,Oulu
Marjatta,Raisanen,Lahti,Pasila
Väinö,Heino,Turku Harbour,Lapinlahti
Aleksandra,Huhta,Kouvola,Kesälahti
Eija,Savela,Laihia,Lappeenranta
Hanne,Hokkanen,Ruukki,Savonlinna Central
Ida,Kalas,Helsinki Central,Tampere
Irina,Lehtola,Iisalmi,Tampere
Paavali,Moilanen,Tampere,Tampere
Meeri,Jokela,Pasila,Helsinki Central
Verneri,Raisanen,Orivesi,Seinäjoki
Kaija,Rintala,Nokia,Tikkurila
Heino,Koski,Kokemäki,Tikkurila
Jouko,Hanka,Tampere,Laihia
Lenni,Kantola,Siilinjärvi,Kouvola
Vuokko,Lehtola,Iisalmi,Inkeroinen
Taija,Lammi,Port of Kotka,Punkaharju
Airi,Kivi,Laihia,Siilinjärvi
Valfrid,Halonen,Kuopio,Kauhava
Nella,Leppanen,Hämeenlinna,Tampere
Kyllikki,Kauppila,Tikkurila,Mäntyharju
Signe,Kivi,Tampere,Kouvola
Luka,Kivela,Mäntyharju,Sukeva
Tomi,Tanner,Tikkurila,Kemijärvi
Aallotar,Tuomala,Lahti,Kotka Central
Ali,Valli,Kuopio,Humppila
Marjo-Riitta,Wuori,Savonlinna Central,Toijala
Jutta,Tuomi,Pasila,Tikkurila
Emilia,Puro,Toijala,Kuopio
Katja,Raisanen,Pasila,Vaasa
Meri,Tikkanen,Hämeenlinna,Pasila
Sauli,Lammi,Pasila,Mäntsälä
Henrietta,Aalto,Toijala,Suonenjoki
Eero,Leino,Loimaa,Turku Central
Elin,Haataja,Inkeroinen,Kitee
Vilhelm,Pulkkinen,Pori,Kyminlinna
Janina,Wuollet,Tampere,Toijala
Salla,Nurmi,Simpele,Orivesi
Iiro,Rantanen,Myllykoski,Seinäjoki
Linda,Sakala,Tavastila,Helsinki Central
Elina,Peltola,Jyväskylä,Mikkeli
Markus,Niskanen,Humppila,Lahti
Ella,Mikkola,Rovaniemi,Parkano
Joonas,Lassila,Pasila,Kannus
Ulla,Jokela,Kokkola,Kemijärvi
Lempi,Hautala,Paimenportti,Lappeenranta
Iris,Manni,Suonenjoki,Kotka Central
Iida,Kotila,Tervola,Bennäs
Tea,Pulkkinen,Vihanti,Bennäs
Martin,Jarvela,Kymi,Harjavalta
Kalle,Aho,Pori,Haukivuori
Margareeta,Salo,Turku Central,Rovaniemi
Mia,Lehto,Helsinki Central,Tikkurila
Lea,Juntunen,Savonlinna,Tervajoki
Bruno,Jarvinen,Pasila,Punkaharju
Valde,Kinnunen,Helsinki Central,Kerimäki
Aake,Heinonen,Riihimäki,Riihimäki
Sari,Lehto,Toijala,Kemi
Alfred,Niemela,Pasila,Pasila
Aila,Kumpula,Tavastila,Tikkurila
Aila,Ruona,Kajaani,Ylistaro
Josefiina,Kari,Oulu,Kitee
Minea,Peltonen,Kokkola,Iisalmi
Salla,Maki,Oulainen,Tampere
Jonne,Remes,Toijala,Seinäjoki
Reijo,Kivi,Parikkala,Toijala
Minna,Hanninen,Tikkurila,Jämsä
Juhana,Pollari,Mikkeli,Ruukki
Joel,Wirtanen,Mäntyharju,Turku Central
Ari,Hanninen,Nokia,Pori
Leander,Ahola,Vaasa,Tampere
Ilmi,Lassila,Tikkurila,Tikkurila
Eila,Joki,Retretti,Ylivieska
Valtter,Rantanen,Kuopio,Nokia
Adele,Hautala,Parkano,Kouvola
Allan,Ruona,Vaasa,Isokyrö
Fredrika,Hokkanen,Pieksämäki,Kerimäki
Birgit,Jokela,Savonlinna,Savonlinna Central
Hugo,Rantala,Helsinki Central,Lahti
Petter,Waara,Tampere,Kerimäki
Marja-Leena,Laitinen,Kouvola,Hämeenlinna
Antero,Laine,Suonenjoki,Lapua
Hilja,Leino,Kouvola,Loimaa
Elli,Annala,Helsinki Central,Humppila
Wilhelm,Niemela,Kuopio,Parikkala
Elvi,Niemela,Nokia,Ruukki
Marjo-Riitta,Perala,Parkano,Kokkola
Annika,Nikula,Hämeenlinna,Oulainen
Otto,Jarvi,Pieksämäki,Harjavalta
Teresa,Ramo,Mäntyharju,Punkaharju
Anne-Mari,Joki,Lusto,Tikkurila
Aliina,Karvonen,Punkaharju,Helsinki Central
Elin,Ketola,Imatra,Mäntyharju
Orvokki,Rintala,Toijala,Ruukki
Lars,Peltonen,Lievestuore,Kotka Central
Jenni,Jarvi,Oulu,Lapinlahti
Henriikka,Halonen,Pori,Lahti
Tarmo,Manninen,Kemi,Tavastila
Laura,Hanninen,Helsinki Central,Tikkurila
Hanne,Joki,Tikkurila,Toijala
Lydia,Kantola,Kouvola,Pasila
Naima,Huotari,Lahti,Kuopio
Aslak,Arola,Helsinki Central,Suonenjoki
Rauno,Ahonen,Helsinki Central,Kerimäki
Aaro,Peura,Iisalmi,Mäntsälä
Vilhelmi,Tanner,Joensuu,Vaasa
Tenho,Ollila,Helsinki Central,Bennäs
Senni,Tuomi,Hämeenlinna,Lahti
Anton,Lehtinen,Siilinjärvi,Nokia
Ossi,Nurmi,Suonenjoki,Tikkurila
Kalervo,Neva,Kymi,Oulainen
Marjo,Lehto,Iisalmi,Vammala
Ossian,Lepisto,Kouvola,Humppila
Fredrika,Kujala,Mäntsälä,Pori
Jade,Ahola,Kouvola,Bennäs
Maija-Liisa,Salonen,Riihimäki,Parkano
Paavali,Mattila,Kajaani,Toijala
Fanni,Nevala,Tervajoki,Vammala
Henna,Rautio,Mäntyharju,Pasila
Reetta,Raisanen,Isokyrö,Punkaharju
Voitto,Kivela,Imatra,Vaasa
Emil,Salonen,Retretti,Lahti
Arvi,Takala,Seinäjoki,Hankasalmi
Marianna,Suomi,Savonlinna Central,Iisalmi
Tuomas,Tikkanen,Pori,Punkaharju
Nuutti,Kujala,Iisalmi,Iisalmi
Taimi,Heikkinen,Vammala,Muurola
Maaria,Salo,Vihanti,Mikkeli
Hemmo,Suomi,Lievestuore,Haukivuori
Tea,Kallio,Seinäjoki,Ylistaro
Torsti,Saarela,Savonlinna,Bennäs
Soilikki,Puro,Suonenjoki,Jyväskylä
Tatu,Korpi,Kitee,Myllykoski
Elisabet,Rantanen,Pori,Laihia
Jade,Tervo,Pasila,Sukeva
Eliina,Keto,Pasila,Jyväskylä
Eliisabet,Kurtti,Tikkurila,Kitee
Albin,Peura,Ylistaro,Harjavalta
Senja,Koivisto,Kemi,Toijala
Frans,Anttila,Lapua,Mäntyharju
Jenni,Hautala,Riihimäki,Riihimäki
Alarik,Lehto,Kannus,Tavastila
Feliks,Lehtinen,Lapinlahti,Parkano
Aksel,Tolonen,Tikkurila,Bennäs
Kirsi-Marja,Lehtinen,Kotka Central,Tikkurila
Jesse,Wainio,Joensuu,Kymi
Kristiina,Kumpula,Inkeroinen,Tikkurila
Alli,Niska,Ylistaro,Laihia
Anna-Kaisa,Kyllo,Joutseno,Kesälahti
Taneli,Lauri,Muurola,Seinäjoki
Marika,Kari,Vammala,Tikkurila
Nestor,Keto,Hämeenlinna,Lapinlahti
Viivi,Seppala,Harjavalta,Pieksämäki
Elisabeth,Tuomala,Hämeenlinna,Rovaniemi
Sampsa,Linna,Lievestuore,Kokemäki
Pentti,Haataja,Parkano,Tavastila
Peppi,Maki,Tikkurila,Toijala
Aarni,Huhta,Pasila,Port of Kotka
Annikki,Kilpela,Mikkeli,Savonlinna Central
Ossi,Kantola,Kouvola,Kyminlinna
Jasper,Tuomala,Lievestuore,Mäntsälä
Elina,Waisanen,Jämsä,Helsinki Central
Aira,Huhta,Ylivieska,Kouvola
Aaro,Lampo,Tikkurila,Helsinki Central
Neea,Lehtonen,Pasila,Kemi
Sointu,Jarvela,Helsinki Central,Paimenportti
Iida,Oja,Tampere,Imatra
Tarmo,Kujala,Siilinjärvi,Myllykoski
Jussi,Eskola,Parikkala,Mikkeli
Laila,Pagination,Pasila,Ruukki
Evert,Huhtala,Iisalmi,Kouvola
Irma,Seppala,Savonlinna Central,Siilinjärvi
Aune,Hamalainen,Kyminlinna,Myllykoski
Iris,Salo,Helsinki Central,Imatra
Katariina,Kallio,Muurola,Tampere
Marja-Terttu,Valli,Kymi,Ylistaro
Stiina,Palo,Toijala,Kokkola
Ronja,Perala,Riihimäki,Lapinlahti
Valma,Makinen,Lapua,Ylistaro
Elviira,Kivisto,Ylivieska,Oulu
Emma,Lepisto,Kauhava,Loimaa
August,Heikkinen,Muurola,Ruukki
Asser,Kivela,Kerimäki,Kouvola
Soilikki,Hanka,Jämsä,Savonlinna Central
Verneri,Peltola,Tampere,Helsinki Central
Ali,Tolonen,Ylistaro,Parikkala
Riina,Kivi,Lapua,Kuopio
Konsta,Tervo,Toijala,Nokia
Merja,Wainio,Vammala,Joutseno
Karri,Lepisto,Orivesi,Pasila
Rauni,Couri,Kouvola,Kesälahti
Ali,Seppala,Mikkeli,Retretti
Aini,Linna,Ylivieska,Toijala
Ilari,Moilanen,Kymi,Lapinlahti
Tuomas,Kuusisto,Pasila,Ruukki
Anu,Huhta,Kouvola,Pasila
Kalle,Karvonen,Suonenjoki,Myllykoski
Aarne,Koskela,Toijala,Mäntyharju
Tapio,Wuollet,Turku Harbour,Kemi
Ali,Seppala,Pasila,Oulainen
Veikko,Maijala,Tampere,Hämeenlinna
Armi,Huotari,Helsinki Central,Pori
Eini,Hokkanen,Helsinki Central,Kemijärvi
Matleena,Kurtti,Pasila,Iisalmi
Juuso,Ketola,Mäntyharju,Pori
Johan,Kivela,Lapinlahti,Pieksämäki
Helge,Ketola,Parkano,Hämeenlinna
Ismo,Jarvela,Mäntsälä,Kuopio
Fredrik,Juntunen,Lusto,Helsinki Central
Jasmin,Hietala,Muurola,Kauhava
Alvari,Justi,Haukivuori,Inkeroinen
Brita,Kivi,Tavastila,Turku Central
Irene,Elo,Laihia,Kannus
Rebekka,Halonen,Punkaharju,Tampere
Rita,Manninen,Orivesi,Tampere
Juulia,Ramo,Lahti,Joutseno
Titta,Leino,Lapua,Bennäs
Luukas,Tanner,Toijala,Kajaani
Klaus,Laakso,Kemi,Riihimäki
Ilmari,Manner,Kerimäki,Siilinjärvi
Soile,Laurila,Punkaharju,Sukeva
Iina,Lehtola,Simpele,Lappeenranta
Bertta,Salo,Pasila,Kotka Central
Vihtori,Koivisto,Kesälahti,Kuopio
Jooseppi,Saarinen,Riihimäki,Kemijärvi
Kaarin,Perala,Kouvola,Lusto
Senni,Seppala,Loimaa,Joutseno
Kauko,Kangas,Kouvola,Kauhava
Jalmar,Tuomi,Lapinlahti,Tikkurila
Iiris,Lehtinen,Laihia,Toijala
Väinämö,Manner,Riihimäki,Kajaani
Mariia,Suomi,Kuopio,Pieksämäki
Sampsa,Ylitalo,Ruukki,Toijala
Johan,Hiltunen,Tikkurila,Kouvola
Taimi,Honkala,Vaasa,Joutseno
Leila,Saarinen,Joensuu,Tavastila
Juhana,Erkkila,Mäntyharju,Jyväskylä
Väinämö,Harju,Hämeenlinna,Rovaniemi
Iines,Maki,Iisalmi,Suonenjoki
Charlotta,Laitinen,Mäntsälä,Tikkurila
Joel,Wirtanen,Vihanti,Kemi
Vera,Hamalainen,Kyminlinna,Savonlinna
Ensio,Salo,Loimaa,Pasila
Anton,Koskinen,Tikkurila,Loimaa
Johan,Keranen,Parikkala,Helsinki Central
Vilho,Anttila,Kerimäki,Seinäjoki
Yrjö,Ramo,Kotka Central,Loimaa
Maija-Leena,Halonen,Inkeroinen,Parkano
Helmiina,Pesola,Kyminlinna,Isokyrö
Jarkko,Tanner,Pasila,Helsinki Central
Katriina,Leppanen,Kyminlinna,Jämsä
Meeri,Kyllonen,Haukivuori,Mäntsälä
Rauni,Manninen,Parikkala,Lapinlahti
Henri,Niska,Kouvola,Joensuu
Reima,Hiltunen,Hämeenlinna,Lievestuore
Juho,Nikula,Oulu,Joensuu
Nico,Kilpela,Helsinki Central,Orivesi
Peter,Jokela,Kyminlinna,Pasila
Artur,Salminen,Iisalmi,Lusto
Taru,Rantanen,Kesälahti,Toijala
Kimi,Saarinen,Kotka Central,Helsinki Central
Sami,Suomi,Siilinjärvi,Helsinki Central
Sylvi,Korhonen,Kymi,Lapua
Voitto,Leinonen,Kouvola,Helsinki Central
Annukka,Kuusisto,Myllykoski,Tikkurila
Juha-Pekka,Jokela,Pasila,Imatra
Vilja,Wallo,Joutseno,Harjavalta
Markku,Ramo,Kemijärvi,Orivesi
Minttu,Rautio,Simpele,Pieksämäki
Valdemar,Aho,Seinäjoki,Tikkurila
Robert,Laurila,Helsinki Central,Tampere
Alice,Haataja,Pasila,Helsinki Central
Asser,Kotila,Lapua,Inkeroinen
Aura,Waisanen,Ylivieska,Toijala
Jalmar,Kari,Hämeenlinna,Joutseno
Fredrika,Mikkola,Haukivuori,Mäntsälä
Eedit,Jarvela,Simpele,Lappeenranta
Tatu,Lepisto,Nokia,Jyväskylä
Helvi,Niskanen,Toijala,Punkaharju
Teresa,Manninen,Pieksämäki,Tikkurila
Aimo,Saksa,Kuopio,Ylistaro
Olof,Hanka,Pieksämäki,Hankasalmi
Henrik,Kari,Toijala,Tikkurila
Jalmari,Ketola,Mäntyharju,Toijala
Anna-Maija,Walli,Vammala,Suonenjoki
Jasmine,Salminen,Savonlinna Central,Hämeenlinna
Birgit,Pietila,Tikkurila,Toijala
Annikki,Pelto,Pasila,Tampere
Päivi,Aro,Kitee,Parikkala
Riitta-Liisa,Koski,Nokia,Tampere
Mirja,Rantanen,Tikkurila,Nokia
Maire,Leppanen,Seinäjoki,Joensuu
Evert,Lassila,Joensuu,Siilinjärvi
Uuno,Korpi,Kajaani,Paimenportti
Marita,Wainio,Tikkurila,Iisalmi
Eliisa,Leino,Kyminlinna,Lahti
Juhana,Hanninen,Riihimäki,Rovaniemi
Astrid,Kokko,Seinäjoki,Kouvola
Toimi,Haapala,Siilinjärvi,Kemi
Birgit,Koskela,Suonenjoki,Kotka Central
Markku,Hanninen,Lusto,Pasila
Artturi,Harju,Nokia,Siilinjärvi
Merja,Laakso,Turku Harbour,Toijala
Birgitta,Huhta,Pasila,Ylistaro
Veeti,Halonen,Ruukki,Mäntsälä
Aino,Kinnunen,Kuopio,Tampere
Hanne,Honkala,Humppila,Tampere
Jesse,Hakala,Imatra,Lapinlahti
Ilta,Halla,Toijala,Siilinjärvi
Eine,Kokko,Mikkeli,Kokemäki
Iivari,Huhtala,Tervola,Inkeroinen
Henrietta,Tuomi,Savonlinna Central,Kannus
Sven,Murto,Tikkurila,Seinäjoki
Arja,Valli,Helsinki Central,Kyminlinna
Virpi,Tuomi,Tampere,Kemijärvi
Adolf,Kemppainen,Hämeenlinna,Ylivieska
Marjo-Riitta,Laine,Iisalmi,Ylivieska
Eriika,Korpela,Laihia,Lapua
Milja,Saari,Lahti,Pasila
Josefina,Seppanen,Lahti,Simpele
Seija,Maunu,Kannus,Haukivuori
Hellevi,Hamalainen,Hankasalmi,Parikkala
Bruno,Wuollet,Parkano,Pieksämäki
Hilda,Tervo,Vaasa,Savonlinna
Rami,Huotari,Tikkurila,Kymi
Jani,Wiitala,Toijala,Kerimäki
Kim,Paavola,Pasila,Lahti
Veli-Matti,Kangas,Tampere,Toijala
Elvira,Koskinen,Lapinlahti,Retretti
Christina,Makinen,Kerimäki,Lapinlahti
Saija,Rantanen,Toijala,Oulu
Perttu,Justi,Lahti,Oulainen
Alvar,Nikula,Lahti,Kouvola
Aki,Nevala,Tampere,Simpele
Henrikki,Kuusisto,Lahti,Parkano
Tuulikki,Manninen,Tikkurila,Tampere
Kristina,Ahola,Tervajoki,Tikkurila
Marjatta,Leppanen,Riihimäki,Vihanti
Kai,Koistinen,Mäntsälä,Helsinki Central
Laimi,Salmela,Turku Central,Ruukki
Kasperi,Niskanen,Pasila,Kemijärvi
Benjamin,Valli,Helsinki Central,Haukivuori
Kati,Tanner,Lahti,Helsinki Central
Niko,Aro,Riihimäki,Muurola
Juha-Matti,Lehtinen,Siilinjärvi,Kesälahti
Armas,Neva,Lappeenranta,Pasila
Janina,Jokinen,Parkano,Iisalmi
Jouni,Koskela,Paimenportti,Kymi
Anita,Lampi,Vammala,Kouvola
Mirka,Jarvela,Savonlinna,Pasila
Roosa,Kotila,Savonlinna,Savonlinna
Lasse,Ranta,Jyväskylä,Kerimäki
Jimi,Rautio,Tikkurila,Vaasa
Kaija,Nevala,Pieksämäki,Riihimäki
Luukas,Pagination,Helsinki Central,Iisalmi
Pihla,Heino,Kerimäki,Ruukki
Emil,Kurtti,Helsinki Central,Kauhava
Veeti,Wuollet,Iisalmi,Iisalmi
Saini,Rantanen,Vihanti,Toijala
Jussi,Maki,Lusto,Kemi
Ilpo,Keranen,Kokkola,Oulu
Riku,Kemppainen,Pasila,Lapinlahti
Vilhelmi,Salo,Tikkurila,Hämeenlinna
Jouni,Suomi,Punkaharju,Sukeva
Seija,Jokinen,Toijala,Savonlinna
Ada,Annala,Myllykoski,Simpele
Aune,Wainio,Hämeenlinna,Simpele
Hanna-Leena,Neva,Tikkurila,Helsinki Central
Lemmikki,Lammi,Savonlinna Central,Seinäjoki
Milja,Maijala,Tavastila,Ylistaro
Alvari,Perko,Tampere,Helsinki Central
Sarita,Perko,Lapua,Parkano
Albin,Nurmi,Helsinki Central,Riihimäki
Kirsti,Korpi,Lapinlahti,Tampere
Tino,Ruona,Kokkola,Riihimäki
Aapo,Aalto,Riihimäki,Tervajoki
Uljas,Kemppainen,Mikkeli,Kouvola
Rauno,Saarinen,Pasila,Seinäjoki
Eliel,Wirta,Punkaharju,Kannus
Vili,Wirkkala,Toijala,Helsinki Central
Veikka,Lehtonen,Retretti,Lahti
Toimi,Salmela,Toijala,Tampere
Saara,Lammi,Tervola,Iisalmi
Aatami,Leinonen,Laihia,Toijala
Elise,Peltonen,Ruukki,Seinäjoki
Pellervo,Salminen,Parikkala,Mikkeli
Kusti,Kemppainen,Kajaani,Pori
Irma,Marttila,Hämeenlinna,Jyväskylä
Sarita,Raisanen,Parikkala,Orivesi
Brita,Makinen,Pasila,Tampere
Wilhelmiina,Halonen,Joutseno,Ruukki
Einari,Kauppila,Tervola,Helsinki Central
Nestori,Koivisto,Sukeva,Isokyrö
Fredrika,Salo,Tikkurila,Jyväskylä
Samuli,Tuomala,Parikkala,Seinäjoki
Adele,Walli,Pasila,Harjavalta
Leena,Peltola,Kuopio,Orivesi
Reijo,Lampi,Lahti,Port of Kotka
Matilda,Korpi,Mäntyharju,Toijala
Tapani,Tuominen,Tikkurila,Laihia
Jari,Makela,Orivesi,Helsinki Central
Margit,Rintala,Pieksämäki,Kouvola
Hemmo,Ylitalo,Tervajoki,Toijala
Viivi,Maunu,Lapinlahti,Ylivieska
Reijo,Ahola,Mikkeli,Helsinki Central
Kosti,Lampi,Kouvola,Pieksämäki
Meri,Pakkala,Joensuu,Turku Harbour
Kaarle,Kivisto,Pasila,Tampere
Joonas,Korpela,Savonlinna Central,Mikkeli
Perttu,Waisanen,Bennäs,Lahti
Ester,Lauri,Ylistaro,Kokkola
Erja,Ahonen,Kymi,Tavastila
Alvar,Laine,Port of Kotka,Helsinki Central
Alli,Kotila,Pasila,Parkano
Fanni,Makinen,Helsinki Central,Lahti
Feliks,Seppanen,Seinäjoki,Turku Harbour
Hilma,Kivisto,Lievestuore,Suonenjoki
Rauno,Ylitalo,Tampere,Kerimäki
Alexander,Leino,Riihimäki,Lievestuore
Topi,Jutila,Parikkala,Simpele
Seija,Laurila,Punkaharju,Retretti
Roni,Anttila,Oulainen,Joensuu
Anna-Liisa,Kari,Humppila,Seinäjoki
Ari,Ollila,Kemi,Kuopio
Rikhard,Makela,Helsinki Central,Mäntsälä
Inka,Hatala,Haukivuori,Helsinki Central
Vilhelmi,Rantala,Tikkurila,Jyväskylä
Hellä,Kivela,Parkano,Mikkeli
Anselm,Maijala,Suonenjoki,Lapua
Marjo-Riitta,Pelto,Kouvola,Mäntyharju
Ingeborg,Kujala,Tervajoki,Joensuu
Rudolf,Wiitala,Parikkala,Lusto
Raine,Walli,Kouvola,Tampere
Tytti,Laurila,Tikkurila,Tampere
Reija,Kinnunen,Retretti,Kemi
Mariitta,Tuominen,Mikkeli,Kuopio
Elmo,Rautio,Parikkala,Tikkurila
Jesse,Ranta,Inkeroinen,Tikkurila
Tero,Hatala,Pieksämäki,Helsinki Central
Tarja,Maijala,Parikkala,Pasila
Erno,Ollila,Toijala,Isokyrö
Suvi,Couri,Kouvola,Turku Harbour
Aallotar,Murto,Pasila,Hämeenlinna
Lea,Lampo,Ylivieska,Seinäjoki
Maaria,Remes,Iisalmi,Loimaa
Kirsi,Kujala,Pieksämäki,Pasila
Elias,Leino,Kitee,Toijala
Unelma,Pelto,Seinäjoki,Hankasalmi
Seppo,Halonen,Savonlinna Central,Orivesi
Mikko,Justi,Riihimäki,Oulainen
Reijo,Oja,Kyminlinna,Kouvola
Evert,Wuollet,Siilinjärvi,Lusto
Helga,Heikkinen,Hämeenlinna,Toijala
Anne-Mari,Korhonen,Pasila,Kannus
Marja,Wainio,Siilinjärvi,Hankasalmi
Aarre,Arola,Mäntyharju,Kouvola
Ulla,Justi,Mäntyharju,Pieksämäki
Tuure,Laakso,Harjavalta,Seinäjoki
Maaret,Jarvi,Inkeroinen,Oulainen
Kim,Wiita,Kemi,Lahti
Urpo,Lampo,Suonenjoki,Toijala
Daniel,Raisanen,Siilinjärvi,Tampere
Emma,Pollari,Oulainen,Seinäjoki
Antero,Perko,Tampere,Helsinki Central
Ulla-Maija,Ojala,Tervola,Harjavalta
Milja,Keranen,Lahti,Toijala
Bertta,Kivi,Tampere,Savonlinna Central
Antero,Couri,Seinäjoki,Kuopio
Kristian,Salmela,Harjavalta,Tikkurila
Marianna,Lehtinen,Mäntyharju,Pasila
Asser,Haataja,Toijala,Hankasalmi
Henri,Makinen,Punkaharju,Helsinki Central
Heimo,Tuominen,Kesälahti,Sukeva
Sylvi,Laine,Inkeroinen,Hankasalmi
Harald,Kivela,Kouvola,Retretti
Sami,Tuominen,Iisalmi,Kyminlinna
Harald,Lampinen,Hämeenlinna,Pori
Jaakko,Couri,Lahti,Mikkeli
Jemina,Waisanen,Mäntyharju,Kyminlinna
Orvokki,Tervo,Tampere,Lappeenranta
Tapio,Luoma,Nokia,Lapinlahti
Eveliina,Manni,Lahti,Kokkola
Taneli,Aalto,Oulainen,Tampere
Johan,Kallio,Suonenjoki,Kokkola
Milja,Remes,Tikkurila,Oulu
Anna-Maria,Laitinen,Helsinki Central,Kymi
Eliisa,Koivisto,Parikkala,Pori
Ilari,Niva,Loimaa,Tikkurila
Vilhelm,Hautala,Lahti,Paimenportti
Lydia,Kuusisto,Ylivieska,Parikkala
Riikka,Saksa,Turku Harbour,Parikkala
Ritva,Raisanen,Ylivieska,Kouvola
Ossian,Seppala,Pasila,Tampere
Kaapo,Puro,Paimenportti,Siilinjärvi
Juhana,Makela,Parkano,Seinäjoki
Juulia,Karvonen,Mäntsälä,Helsinki Central
Marianne,Wirtanen,Nokia,Pasila
Elvi,Salmi,Paimenportti,Pasila
Josefina,Koskinen,Pieksämäki,Lapinlahti
Aatami,Juntunen,Siilinjärvi,Parkano
Niina,Hanninen,Kuopio,Harjavalta
Karolina,Keto,Nokia,Jyväskylä
Krista,Suomi,Kymi,Lahti
Esteri,Remes,Siilinjärvi,Tikkurila
Tom,Murto,Parkano,Orivesi
Annina,Halla,Toijala,Helsinki Central
Lars,Ruona,Lahti,Pasila
Iiro,Ahonen,Savonlinna,Pasila
Iiro,Heinonen,Joensuu,Bennäs
Katriina,Paavola,Hankasalmi,Port of Kotka
Sampsa,Lampinen,Toijala,Suonenjoki
Jere,Rajala,Tikkurila,Tikkurila
Adele,Jarvinen,Siilinjärvi,Ylistaro
Janna,Hautala,Mäntsälä,Pasila
Santtu,Kalas,Inkeroinen,Toijala
Emmi,Neva,Lusto,Riihimäki
Mirjam,Keranen,Oulainen,Riihimäki
Meri,Juntunen,Kokemäki,Lappeenranta
Suoma,Ruona,Siilinjärvi,Lievestuore
Torsti,Lammi,Vammala,Tavastila
Ilari,Takala,Vihanti,Nokia
Reima,Hietala,Kouvola,Inkeroinen
Sakari,Erkkila,Lievestuore,Savonlinna Central
Markus,Sippola,Hämeenlinna,Iisalmi
Senja,Waara,Kotka Central,Pasila
Lotta,Maki,Pasila,Kitee
Charlotta,Halko,Kouvola,Vaasa
Hanna,Ahola,Riihimäki,Sukeva
Sampo,Lepisto,Hämeenlinna,Mikkeli
Tia,Remes,Tampere,Jyväskylä
Natalia,Perala,Iisalmi,Tikkurila
Aallotar,Tuominen,Mäntsälä,Ylivieska
Antti,Lepisto,Helsinki Central,Haukivuori
Harry,Raisanen,Tikkurila,Mäntyharju
Emma,Joki,Helsinki Central,Paimenportti
Lemmikki,Aho,Rovaniemi,Tampere
Valma,Kyllo,Tavastila,Hämeenlinna
Kari,Salminen,Turku Central,Kouvola
Teija,Peltola,Vihanti,Tavastila
Aila,Hatala,Lahti,Kouvola
Maritta,Peltola,Ylistaro,Kemi
Ari-Pekka,Juntunen,Tikkurila,Kuopio
Eini,Kalas,Jämsä,Lahti
Roope,Lakso,Kokkola,Laihia
Aira,Tervo,Helsinki Central,Lapinlahti
Jonna,Savela,Toijala,Pieksämäki
Lars,Niva,Kemi,Orivesi
Heimo,Pulli,Ylivieska,Kokkola
Salme,Saarinen,Kymi,Seinäjoki
Ari,Autio,Tavastila,Tampere
Anselmi,Niska,Pasila,Pasila
Siviä,Halla,Kotka Central,Lappeenranta
Joel,Neva,Suonenjoki,Joensuu
Soini,Wiitala,Helsinki Central,Pasila
Anton,Manninen,Kokemäki,Toijala
Gabriel,Halko,Tampere,Vaasa
Anni,Hiltunen,Tikkurila,Laihia
Karita,Lauri,Tikkurila,Helsinki Central
Elmeri,Mattila,Vaasa,Ylistaro
Annika,Tanner,Savonlinna Central,Lapua
Eeva-Liisa,Ranta,Savonlinna,Helsinki Central
Jasmiina,Jarvinen,Helsinki Central,Helsinki Central
Vilja,Tuominen,Lusto,Tikkurila
Toini,Salo,Imatra,Kyminlinna
Paavo,Tuomi,Parikkala,Kouvola
Nina,Lahti,Ruukki,Jyväskylä
Toni,Perko,Lievestuore,Pasila
Tenho,Neva,Hämeenlinna,Parkano
Jooseppi,Lakso,Pasila,Mäntyharju
Lauri,Huhtala,Kymi,Jyväskylä
Päivi,Kantola,Pasila,Kymi
Miia,Makinen,Suonenjoki,Turku Harbour
Sisko,Rajala,Lahti,Haukivuori
Eeva,Ketola,Nokia,Pasila
Eliel,Lassila,Lahti,Paimenportti
Klaus,Kivela,Lusto,Sukeva
Tomi,Kauppi,Lusto,Mäntyharju
Marketta,Pesola,Harjavalta,Helsinki Central
Pirjo,Joki,Tampere,Kyminlinna
Ensio,Jarvela,Orivesi,Lapinlahti
Anu,Kantola,Tavastila,Toijala
Raila,Niska,Retretti,Mäntyharju
Petteri,Autio,Laihia,Iisalmi
Kerttu,Pesola,Suonenjoki,Oulu
Albin,Aalto,Helsinki Central,Imatra
Arvi,Rajala,Pasila,Savonlinna
Isabella,Lampo,Kouvola,Tikkurila
Karl,Hannula,Lahti,Simpele
Mika,Manni,Kouvola,Tampere
Marja-Terttu,Peltonen,Oulainen,Pasila
Joakim,Tuominen,Joensuu,Tikkurila
Carita,Anttila,Muurola,Kajaani
Alice,Keranen,Kitee,Jämsä
Ada,Kalas,Lapinlahti,Mäntyharju
Teija,Linna,Parkano,Kauhava
Vilho,Salo,Mikkeli,Kannus
Kimi,Tuominen,Tikkurila,Ylivieska
Jenna,Salmi,Iisalmi,Kouvola
Anna-Maria,Saksa,Helsinki Central,Jämsä
Päivi,Wainio,Riihimäki,Mäntyharju
Marjo,Wallo,Helsinki Central,Paimenportti
Marjukka,Hakala,Seinäjoki,Kemi
Jessica,Kotila,Mäntyharju,Isokyrö
Teija,Eskola,Hämeenlinna,Orivesi
Eini,Anttila,Helsinki Central,Pieksämäki
Saija,Koskela,Ruukki,Tervajoki
Marina,Maijala,Tavastila,Kouvola
Tarmo,Kuusisto,Turku Central,Savonlinna
Lyydi,Ruona,Kuopio,Tikkurila
Juha-Matti,Saari,Toijala,Riihimäki
Roni,Makinen,Tampere,Tervajoki
Alpo,Perko,Riihimäki,Sukeva
Ira,Kauppi,Sukeva,Ruukki
Kaarlo,Pietila,Loimaa,Tampere
Konstantin,Luoma,Kuopio,Rovaniemi
Heimo,Laitinen,Vihanti,Lapinlahti
Adolf,Jarvinen,Helsinki Central,Haukivuori
Elina,Jarvinen,Oulainen,Toijala
Enni,Saksa,Toijala,Retretti
Brita,Toivonen,Kerimäki,Harjavalta
Martti,Koistinen,Savonlinna,Pasila
Tekla,Jarvela,Tikkurila,Seinäjoki
Hulda,Saarela,Helsinki Central,Pieksämäki
Vilhelmina,Kinnunen,Tikkurila,Kerimäki
Raimo,Wiitala,Kemi,Nokia
Soini,Saari,Ruukki,Parikkala
Alex,Hakala,Tavastila,Mäntyharju
Jalmar,Laine,Helsinki Central,Lapinlahti
Vesa,Leino,Pasila,Kokemäki
Venla,Kivela,Tikkurila,Pasila
August,Korhonen,Kuopio,Kotka Central
Osvald,Karjala,Kokkola,Tampere
Terho,Raisanen,Toijala,Isokyrö
Helmiina,Pulkkinen,Vihanti,Mäntsälä
Sakari,Tuomala,Muurola,Sukeva
Julia,Joki,Helsinki Central,Siilinjärvi
Brita,Honkala,Pasila,Lahti
Leena,Ollila,Toijala,Punkaharju
Olli,Rantala,Loimaa,Laihia